City_ID,City,Lat,Lng,Max Temp,Humidity,Cloudiness,Wind Speed,Country,Date
0,edinburgh of the seven seas,-37.0676,-12.3116,286.39,64,16,9.72,SH,1683734645
1,ribeira grande,38.5167,-28.7,292.47,77,40,11.83,PT,1683735058
2,piacabucu,-10.4056,-36.4344,301.7,68,40,3.4,BR,1683735058
3,tiksi,71.6872,128.8694,254.2,90,11,5.12,RU,1683735058
4,adamstown,-25.066,-130.1015,294.26,69,100,9.03,PN,1683735059
5,yuzhno-kurilsk,44.0306,145.8556,277.11,92,57,3.02,RU,1683735059
6,waitangi,-43.9535,-176.5597,288.05,82,21,3.58,NZ,1683735059
7,blackmans bay,-43.0167,147.3167,280.22,89,19,2.14,AU,1683735060
8,iqaluit,63.7506,-68.5145,270.76,68,16,1.79,CA,1683735060
9,muhos,64.808,25.9931,288.03,49,100,3.8,FI,1683735060
10,talnakh,69.4865,88.3972,253.09,90,51,1.89,RU,1683735060
11,igarka,67.4667,86.5833,265.29,88,100,5.65,RU,1683735061
12,alice springs,-23.7,133.8833,276.9,70,0,1.95,AU,1683735061
13,new norfolk,-42.7826,147.0587,280.87,76,67,1.06,AU,1683735061
14,crane,31.3974,-102.3501,298.04,54,53,7.49,US,1683735062
15,nova vicosa,-17.8919,-39.3719,299.29,68,94,2.97,BR,1683735063
16,keffi,8.8486,7.8736,309.02,34,100,1.74,NG,1683735064
17,port-aux-francais,-49.35,70.2167,279.16,88,39,6.94,TF,1683735064
18,port mathurin,-19.6833,63.4167,298.97,73,3,8.41,MU,1683735065
19,aldan,58.6031,125.3894,274.21,86,32,2.56,RU,1683735065
20,balaipungut,1.05,101.2833,298.63,89,83,0.36,ID,1683734894
21,aban,56.67,96.06,276.39,49,1,3.31,RU,1683735066
22,fort mcmurray,56.7268,-111.381,292.03,47,43,1.25,CA,1683735067
23,grytviken,-54.2811,-36.5092,274.9,84,100,5.22,GS,1683735067
24,arraial do cabo,-22.9661,-42.0278,295.07,100,100,4.12,BR,1683735068
25,fale old settlement,-9.3852,-171.2468,301.8,79,18,7.69,TK,1683735069
26,qaqortoq,60.7167,-46.0333,277.64,88,100,2.29,GL,1683735069
27,tinogasta,-28.0632,-67.5649,292.83,43,5,1.82,AR,1683735070
28,albany,42.6001,-73.9662,293.47,31,3,0.89,US,1683735070
29,hamilton,39.1834,-84.5333,295.05,40,0,5.66,US,1683735071
30,papatowai,-46.5619,169.4708,281.27,73,100,8.39,NZ,1683735071
31,colotlan,22.1,-103.2667,298.42,22,2,4.24,MX,1683735072
32,moscow,55.7522,37.6156,288.96,40,98,1.61,RU,1683734390
33,guarapari,-20.6667,-40.4975,300.87,74,100,1.69,BR,1683734775
34,yellowknife,62.456,-114.3525,285.13,46,50,3.58,CA,1683734986
35,narvik,68.4384,17.4272,282.81,92,100,1.97,NO,1683735074
36,avarua,-21.2078,-159.775,297.18,88,75,6.69,CK,1683735075
37,tidjikja,18.5564,-11.4271,313.69,9,37,5.71,MR,1683735075
38,kununurra,-15.7667,128.7333,286.14,71,99,0.51,AU,1683735076
39,mhamid,29.82,-5.72,312.69,6,0,6.29,MA,1683735076
40,bamboo flat,11.7,92.7167,301.38,81,100,8.51,IN,1683735077
41,saldanha,-33.0117,17.9442,289.86,88,18,4.17,ZA,1683735077
42,weno,7.4515,151.8468,300.12,89,100,1.54,FM,1683735083
43,kruisfontein,-34.0033,24.7314,295.86,38,44,1.42,ZA,1683735083
44,udachny,66.4167,112.4,258.81,88,37,2.1,RU,1683735085
45,cururupu,-1.8283,-44.8683,305.52,52,41,2.52,BR,1683734836
46,rabo de peixe,37.8,-25.5833,291.88,88,75,4.12,PT,1683735086
47,georgetown,5.4112,100.3354,302.11,79,20,0.0,MY,1683734835
48,port shepstone,-30.7414,30.455,293.7,77,0,5.47,ZA,1683735087
49,college,64.8569,-147.8028,280.33,64,75,1.54,US,1683735088
50,ketchikan,55.3422,-131.6461,283.41,66,0,3.6,US,1683735088
51,stavern,59.0,10.0333,291.53,72,92,1.32,NO,1683735088
52,xiongzhou,25.1167,114.3,296.0,97,96,0.44,CN,1683735089
53,san luis de la loma,17.2706,-100.8939,304.72,47,3,3.56,MX,1683735089
54,birobidzhan,48.8,132.95,279.73,87,42,0.54,RU,1683735090
55,ushuaia,-54.8,-68.3,280.96,49,40,5.14,AR,1683735090
56,coruripe,-10.1256,-36.1756,301.62,67,47,3.55,BR,1683735091
57,paraisopolis,-22.5542,-45.78,295.8,77,100,0.56,BR,1683734923
58,lompoc,34.6391,-120.4579,289.18,76,100,7.2,US,1683735093
59,kongolo,-5.3833,27.0,298.49,76,86,1.21,CD,1683735093
60,puerto natales,-51.7236,-72.4875,273.4,93,75,1.03,CL,1683735094
61,daru,-9.0763,143.2092,299.02,90,99,6.57,PG,1683735027
62,lebu,-37.6167,-73.65,286.72,81,100,4.53,CL,1683735095
63,aasiaat,68.7098,-52.8699,271.03,78,99,5.58,GL,1683735096
64,salalah,17.0151,54.0924,302.2,79,20,2.57,OM,1683735096
65,thompson,55.7435,-97.8558,285.41,75,98,2.55,CA,1683735096
66,quellon,-43.1167,-73.6167,285.29,100,100,4.63,CL,1683735097
67,vila velha,-20.3297,-40.2925,301.12,74,20,2.57,BR,1683735097
68,invercargill,-46.4,168.35,281.49,95,99,1.34,NZ,1683735098
69,margaret river,-33.95,115.0667,287.49,58,100,6.7,AU,1683735098
70,pontes e lacerda,-15.2261,-59.3353,300.86,66,92,2.62,BR,1683734814
71,hithadhoo,-0.6,73.0833,301.35,76,41,5.14,MV,1683735099
72,port alfred,-33.5906,26.891,292.69,86,50,6.24,ZA,1683735099
73,puerto ayora,-0.7393,-90.3518,303.13,93,87,3.13,EC,1683735041
74,zambezi,-13.5432,23.1047,294.88,40,1,1.17,ZM,1683735100
75,camayenne,9.535,-13.6878,300.31,74,100,2.55,GN,1683735100
76,iskateley,67.6803,53.1512,271.13,89,87,1.8,RU,1683735100
77,bonthe,7.5264,-12.505,301.17,68,100,2.55,SL,1683735101
78,port elizabeth,-33.918,25.5701,297.09,74,50,3.39,ZA,1683735101
79,kiunga,-6.1219,141.2906,296.89,100,100,0.57,PG,1683735101
80,utrik,11.2278,169.8474,300.35,81,99,8.12,MH,1683735102
81,broome,42.2506,-75.833,292.85,39,0,5.66,US,1683735102
82,kovernino,57.1253,43.8142,284.71,58,90,1.54,RU,1683735103
83,susuman,62.7833,148.1667,272.82,82,22,1.82,RU,1683735103
84,ilulissat,69.2167,-51.1,273.16,69,75,5.14,GL,1683735103
85,boyolangu,-8.1181,111.8935,298.19,95,99,1.08,ID,1683735104
86,aral,40.5156,81.2636,294.19,9,2,4.07,CN,1683735104
87,kodiak,57.79,-152.4072,277.88,93,100,11.83,US,1683735105
88,khandyga,62.6667,135.6,275.41,68,97,4.05,RU,1683735105
89,chonchi,-42.6128,-73.8092,284.88,95,100,1.71,CL,1683735105
90,aghsu,40.5703,48.4009,290.87,72,62,1.47,AZ,1683735105
91,nadym,65.5333,72.5167,270.53,90,97,7.32,RU,1683735106
92,bethel,41.3712,-73.414,293.81,31,0,1.54,US,1683734925
93,xam nua,20.4197,104.0439,292.38,98,100,0.33,LA,1683735106
94,trail,49.0998,-117.7022,289.8,82,76,0.54,CA,1683735107
95,tchibanga,-2.85,11.0333,297.17,94,98,0.52,GA,1683735107
96,hohhot,40.8106,111.6522,288.65,59,97,2.03,CN,1683735107
97,nova sintra,14.8667,-24.7167,293.27,81,2,7.76,CV,1683735107
98,veinticinco de mayo,-35.4323,-60.1727,293.14,56,2,2.24,AR,1683735108
99,keflavik,64.0049,-22.5624,282.39,87,75,3.6,IS,1683735108
100,kwang binh,17.4833,106.6,299.68,92,92,1.55,VN,1683735108
101,wailua homesteads,22.0669,-159.378,295.59,83,100,5.66,US,1683735109
102,buinsk,54.95,48.2833,284.42,58,100,1.47,RU,1683735109
103,ixtapa,20.7,-105.2,300.72,54,0,1.54,MX,1683735109
104,tra vinh,9.9347,106.3453,300.73,78,89,1.8,VN,1683735109
105,san antonio de pale,-1.4014,5.6325,301.82,72,97,3.11,GQ,1683735110
106,afaahiti,-17.75,-149.2833,297.08,85,96,13.48,PF,1683735110
107,vila franca do campo,37.7167,-25.4333,292.38,77,2,3.9,PT,1683735110
108,cidreira,-30.1811,-50.2056,292.06,66,100,4.15,BR,1683735111
109,gidam,18.9833,81.4,304.19,45,100,1.68,IN,1683735111
110,poronaysk,49.2167,143.1167,274.1,86,100,1.91,RU,1683735111
111,kapuskasing,49.4169,-82.4331,292.64,44,0,2.78,CA,1683735112
112,sandnessjoen,66.0217,12.6316,289.44,47,0,2.06,NO,1683735112
113,namtsy,62.7161,129.6658,276.81,96,99,5.39,RU,1683735112
114,sungai penuh,-2.0833,101.3833,292.66,95,95,1.48,ID,1683735113
115,bonne terre,37.9231,-90.5554,297.8,66,96,3.58,US,1683735113
116,mareeba,-17.0,145.4333,290.55,89,9,1.01,AU,1683735113
117,midvagur,62.0511,-7.1939,283.61,87,100,2.57,FO,1683735113
118,taroa,8.7058,171.2275,300.84,82,86,7.87,MH,1683735114
119,ar ruways,24.1103,52.7306,304.1,38,0,3.88,AE,1683735114
120,atafu village,-8.5421,-172.5159,302.28,78,28,6.96,TK,1683735114
121,erenhot,43.6475,111.9767,289.16,39,100,7.47,CN,1683735114
122,shimoda,34.6667,138.95,286.54,72,82,2.04,JP,1683735115
123,la passe,45.5549,-0.8967,292.28,68,34,7.64,FR,1683735115
124,whitehorse,60.7161,-135.0538,280.38,49,79,6.71,CA,1683735115
125,dapa,9.7594,126.0531,300.71,75,28,1.69,PH,1683735115
126,saint-philippe,-21.3585,55.7679,298.92,79,28,4.33,RE,1683735116
127,patnanungan,14.7833,122.1833,299.91,85,76,4.12,PH,1683735116
128,guiuan,11.0333,125.7247,301.83,74,41,2.32,PH,1683735116
129,swift current,50.2834,-107.8014,287.35,61,38,1.61,CA,1683735117
130,sisimiut,66.9395,-53.6735,274.56,73,22,4.74,GL,1683735117
131,west island,-12.1568,96.8225,299.14,94,40,4.63,CC,1683735117
132,jamestown,42.097,-79.2353,290.94,40,0,2.24,US,1683735117
133,ugoofaaru,5.6667,73.0,301.57,77,100,2.71,MV,1683735123
134,haiku-pauwela,20.9219,-156.3051,295.4,74,20,3.13,US,1683735123
135,badger,64.8,-147.5333,280.29,67,75,1.54,US,1683735124
136,arris,35.2588,6.3471,294.96,31,61,4.89,DZ,1683735126
137,hawaiian paradise park,19.5933,-154.9731,293.17,95,40,2.57,US,1683735126
138,frenda,35.0654,1.0495,298.11,32,5,7.37,DZ,1683735127
139,onega,63.9061,38.1404,285.88,57,97,0.48,RU,1683735128
140,ambovombe,-25.1667,46.0833,296.04,85,3,6.14,MG,1683735128
141,villa regina,-39.1,-67.0667,290.36,20,100,5.65,AR,1683735129
142,troitsk,54.0979,61.5773,280.38,43,100,1.34,RU,1683735129
143,revda,56.801,59.9303,281.18,43,89,0.69,RU,1683735130
144,rawlins,41.7911,-107.2387,287.79,54,20,7.2,US,1683735056
145,pamekasan,-7.1568,113.4746,300.2,85,92,4.99,ID,1683734863
146,tocopilla,-22.092,-70.1979,296.14,62,7,2.65,CL,1683735133
147,zhongshu,24.5167,103.7667,289.94,94,85,2.9,CN,1683735134
148,saint-pierre,-21.3393,55.4781,298.97,69,0,6.69,RE,1683735135
149,essaouira,31.5125,-9.77,295.23,69,0,14.09,MA,1683735136
150,gaigeturi,33.4644,126.3183,289.35,59,100,1.69,KR,1683735137
151,duyun,26.2667,107.5167,287.76,98,100,0.96,CN,1683735137
152,inonu,37.3167,33.7667,292.4,40,85,2.4,TR,1683735138
153,usinsk,65.9939,57.5281,272.97,87,99,3.49,RU,1683735139
154,biltine,14.5333,20.9167,310.44,22,100,8.12,TD,1683735139
155,manicore,-5.8092,-61.3003,304.93,60,63,1.63,BR,1683735140
156,al hufuf,25.3646,49.5653,310.19,10,18,4.34,SA,1683735018
157,vorgashor,67.5833,63.95,268.96,83,100,3.73,RU,1683735141
158,stanley,54.868,-1.6985,288.44,75,40,3.09,GB,1683735141
159,dudinka,69.4058,86.1778,252.64,97,66,2.21,RU,1683735142
160,sale,34.0389,-6.8166,301.28,68,39,5.66,MA,1683735142
161,orapa,-21.2833,25.3667,295.82,32,10,1.91,BW,1683735143
162,batticaloa,7.7102,81.6924,299.85,82,100,5.21,LK,1683735145
163,anadyr,64.75,177.4833,267.43,85,0,1.0,RU,1683735145
164,"laikit, laikit ii (dimembe)",1.4792,124.9735,297.62,94,40,1.54,ID,1683735146
165,pierre,44.3683,-100.351,291.96,69,0,5.66,US,1683735148
166,sint michiel liber,12.15,-68.9833,303.05,66,20,8.23,CW,1683735148
167,la paz,-16.5,-68.15,286.8,37,75,3.6,BO,1683734872
168,chibougamau,49.9168,-74.3659,287.28,43,41,5.64,CA,1683734985
169,sur,22.5667,59.5289,306.56,31,1,3.41,OM,1683735151
170,rikaze,29.25,88.8833,280.25,26,1,2.45,CN,1683735152
171,hermanus,-34.4187,19.2345,291.37,87,50,1.69,ZA,1683735153
172,cabo san lucas,22.8909,-109.9124,304.6,26,0,3.09,MX,1683734986
173,nar'yan-mar,67.6713,53.087,270.78,90,79,1.81,RU,1683735155
174,tiquipaya,-17.3382,-66.2189,293.55,43,75,1.34,BO,1683735156
175,richards bay,-28.783,32.0377,293.22,91,39,1.96,ZA,1683735157
176,tura,25.5198,90.2201,298.56,43,0,2.22,IN,1683735157
177,galle,6.0367,80.217,300.95,81,100,4.22,LK,1683735157
178,grahamstown,-33.3042,26.5328,289.23,45,75,0.53,ZA,1683735158
179,ust-nera,64.5667,143.2,272.0,72,100,3.09,RU,1683735158
180,zeya,53.75,127.2667,278.66,66,13,1.25,RU,1683735158
181,la'ie,21.6477,-157.9253,295.99,77,13,0.89,US,1683735158
182,petropavlovsk-kamchatsky,53.0452,158.6483,273.03,93,35,1.68,RU,1683735159
183,ulaangom,49.9811,92.0667,283.87,63,63,3.59,MN,1683735159
184,timbuktu,16.7735,-3.0074,315.03,5,98,7.19,ML,1683735159
185,lihue,21.9789,-159.3672,295.92,83,100,5.66,US,1683734891
186,constantia,44.1833,28.65,285.76,66,2,4.07,RO,1683735160
187,mumford,5.2618,-0.759,303.16,72,100,6.22,GH,1683735160
188,longyearbyen,78.2186,15.6401,272.06,93,100,6.17,SJ,1683735160
189,la ronge,55.1001,-105.2842,287.46,54,98,2.23,CA,1683735161
190,tsiombe,-25.3,45.4833,295.68,89,9,5.16,MG,1683735161
191,bodo,67.28,14.405,286.17,62,0,5.14,NO,1683735161
192,holualoa,19.6228,-155.9522,294.06,90,40,2.06,US,1683735162
193,saipan,15.1355,145.701,300.54,100,20,2.06,MP,1683735162
194,constitucion,-35.3333,-72.4167,290.74,53,100,6.22,CL,1683735162
195,wynyard,-41.0,145.7167,280.99,83,0,1.88,AU,1683735162
196,soio,-6.1349,12.3689,301.75,77,55,3.08,AO,1683735163
197,ngaoundere,7.3167,13.5833,300.89,51,89,1.04,CM,1683735163
198,punta arenas,-53.15,-70.9167,279.21,81,75,8.23,CL,1683735163
199,bandarbeyla,9.4942,50.8122,301.17,82,100,7.41,SO,1683735164
200,gadzhiyevo,69.2551,33.3362,277.23,100,100,4.21,RU,1683735164
201,coquimbo,-29.9533,-71.3436,286.0,100,100,2.57,CL,1683734906
202,godean,-7.7697,110.2939,298.02,95,93,0.45,ID,1683735164
203,flying fish cove,-10.4217,105.6791,299.97,89,100,6.17,CX,1683735165
204,bredasdorp,-34.5322,20.0403,291.16,60,23,2.64,ZA,1683735165
205,hutchinson island south,27.2995,-80.2205,304.31,61,40,2.57,US,1683735165
206,east london,-33.0153,27.9116,294.99,71,54,6.89,ZA,1683734978
207,gremyachevo,54.7503,38.5869,283.79,68,81,2.68,RU,1683735166
208,itaituba,-4.2761,-55.9836,306.39,49,100,1.1,BR,1683735166
209,tambopata,-12.7333,-69.1833,298.09,53,75,3.09,PE,1683735166
210,mount gambier,-37.8333,140.7667,280.65,93,0,2.28,AU,1683735166
211,ciudad melchor muzquiz,27.8833,-101.5167,299.89,50,16,1.42,MX,1683735167
212,taguatinga,-12.3857,-46.5711,307.0,31,42,2.8,BR,1683735167
213,bilibino,68.0546,166.4372,268.91,97,100,0.95,RU,1683735167
214,colonia,50.9333,6.95,290.9,73,75,4.12,DE,1683735083
215,lerwick,60.1545,-1.1494,281.15,89,84,4.16,GB,1683735168
216,conduaga,8.862,117.4893,299.91,84,69,1.81,PH,1683735168
217,nuuk,64.1835,-51.7216,277.49,70,75,6.17,GL,1683735008
218,polyarnyy,69.1989,33.4478,277.4,100,100,4.56,RU,1683735169
219,le vauclin,14.5452,-60.8388,302.51,70,95,7.72,MQ,1683735170
220,naduvattam,11.4833,76.5667,288.12,89,70,1.61,IN,1683735171
221,bethanie,-26.4833,17.15,300.63,15,36,2.82,NA,1683735171
222,lodja,-3.4833,23.4333,297.73,82,90,0.91,CD,1683735172
223,tyuratam,45.6507,63.3156,302.38,11,100,3.09,KZ,1683735172
224,cartagena,10.3997,-75.5144,301.94,79,75,3.6,CO,1683735101
225,fonte boa,-2.4959,-66.2662,296.69,99,100,0.44,BR,1683735173
226,lincoln,40.8,-96.667,295.87,72,0,2.57,US,1683734973
227,mejit,10.2753,170.8646,300.72,80,97,8.86,MH,1683735174
228,kavaratti,10.5669,72.642,302.77,69,71,4.06,IN,1683735174
229,visby,57.6409,18.296,289.27,29,0,7.72,SE,1683735174
230,las heras,-46.5419,-68.9359,282.32,61,100,6.57,AR,1683735174
231,laguna,38.421,-121.4238,288.75,71,0,6.69,US,1683735175
232,ujae,8.9322,165.7642,300.61,85,100,5.49,MH,1683735175
233,antsiranana,-12.2787,49.2917,298.94,78,1,6.57,MG,1683735175
234,kannur,11.8675,75.3576,301.45,84,95,2.8,IN,1683734960
235,itoman,26.1247,127.6694,294.16,60,0,4.12,JP,1683735176
236,tralee,52.2704,-9.7026,284.89,80,74,7.12,IE,1683735176
237,thames,-37.1333,175.5333,282.57,93,99,5.69,NZ,1683735095
238,carnarvon,-24.8667,113.6333,294.53,75,42,9.25,AU,1683735177
239,pacasmayo,-7.4006,-79.5714,297.98,75,24,4.11,PE,1683735177
240,nogliki,51.8333,143.1667,272.8,97,100,2.91,RU,1683735171
241,yantarnyy,54.8717,19.9381,291.07,62,17,5.45,RU,1683735177
242,campo gallo,-26.5833,-62.85,299.52,32,0,0.55,AR,1683735178
243,sitka,57.0531,-135.33,282.09,71,40,3.09,US,1683735166
244,adra,36.7496,-3.0206,301.69,72,26,2.09,ES,1683735178
245,solnechnyy,50.7214,136.6319,274.67,69,6,1.43,RU,1683735178
246,ta`u,-14.2336,-169.5144,300.95,71,74,6.4,AS,1683735179
247,sinop,41.7711,34.8709,281.39,98,100,1.95,TR,1683735179
248,uturoa,-16.7333,-151.4333,301.1,75,95,10.51,PF,1683735179
249,marang,5.2056,103.2059,299.97,87,99,1.73,MY,1683735180
250,faya-largeau,17.9257,19.1043,314.9,5,75,6.87,TD,1683735185
251,qa'en,33.7265,59.1844,298.49,23,96,4.79,IR,1683735185
252,tolanaro,-25.0319,46.9987,296.45,87,19,5.37,MG,1683735186
253,dakhla,23.6848,-15.958,293.73,84,32,7.32,EH,1683735186
254,santo antonio,-6.3106,-35.4789,303.92,54,44,5.28,BR,1683735188
255,vadso,70.0744,29.7487,283.64,76,0,3.6,NO,1683735188
256,ceelbuur,4.685,46.6176,304.55,47,100,6.45,SO,1683735188
257,acapulco de juarez,16.8634,-99.8901,303.05,74,0,4.12,MX,1683734999
258,geraldton,-28.7667,114.6,289.38,72,100,3.09,AU,1683735191
259,ad dilam,23.9915,47.1627,309.16,11,0,5.06,SA,1683735041
260,kilindoni,-7.9139,39.6668,300.43,72,61,6.05,TZ,1683735191
261,pagar alam,-4.0167,103.2667,293.93,98,99,0.88,ID,1683735192
262,labrador city,52.9463,-66.9114,278.89,30,6,4.64,CA,1683735193
263,sao jose da coroa grande,-8.8978,-35.1478,301.87,66,26,3.62,BR,1683735194
264,kolonia,50.9333,6.95,290.9,73,75,4.12,DE,1683735195
265,smithers,54.7804,-127.1743,287.24,60,64,0.28,CA,1683735022
266,tazovsky,67.4667,78.7,264.96,94,100,6.08,RU,1683735196
267,storvreta,59.9667,17.7,290.14,31,68,7.2,SE,1683735197
268,bardai,11.65,7.2333,310.94,14,95,3.6,NG,1683735198
269,masterton,-40.9597,175.6575,284.2,71,18,5.34,NZ,1683735198
270,ghanzi,-21.5667,21.7833,296.47,27,0,3.79,BW,1683735199
271,zhezqazghan,47.7833,67.7667,296.43,18,99,4.26,KZ,1683735199
272,verkhnevilyuysk,63.4453,120.3167,271.8,85,34,2.85,RU,1683735200
273,butembo,0.15,29.2833,289.28,97,97,0.69,CD,1683735200
274,vilhena,-12.7406,-60.1458,301.4,53,57,2.06,BR,1683735201
275,duong dong,10.2167,103.9667,300.15,94,20,0.51,VN,1683735201
276,cape coast,5.1053,-1.2466,303.27,71,96,6.59,GH,1683735202
277,turaif,31.6725,38.6637,300.92,14,44,1.7,SA,1683735203
278,luderitz,-26.6481,15.1594,292.07,59,68,2.08,NA,1683735203
279,yei,4.095,30.6779,296.05,85,99,0.89,SS,1683735204
280,les sables-d'olonne,46.6667,-1.8333,288.59,74,74,7.92,FR,1683735204
281,inarajan village,13.2736,144.7484,300.69,96,98,2.63,GU,1683735205
282,pisco,-13.7,-76.2167,295.18,73,100,6.69,PE,1683735205
283,darwin,-12.4611,130.8418,296.14,57,99,2.57,AU,1683734913
284,noshiro,40.2039,140.0242,280.77,74,0,1.2,JP,1683735206
285,berezovyy,51.6667,135.7,276.38,55,2,1.22,RU,1683735207
286,filadelfia,39.9523,-75.1638,294.53,42,20,2.06,US,1683735071
287,lewiston orchards,46.3804,-116.9754,287.32,76,20,2.57,US,1683735208
288,tindouf,27.6711,-8.1474,313.26,6,9,2.73,DZ,1683735210
289,port lincoln,-34.7333,135.8667,287.48,68,0,5.28,AU,1683735210
290,waat,51.1454,6.4958,290.87,75,75,2.57,DE,1683735211
291,varzea da palma,-17.5981,-44.7308,305.77,32,100,0.7,BR,1683735048
292,pemangkat,1.1667,108.9667,300.37,84,81,2.08,ID,1683735212
293,malanje,-9.5402,16.341,296.28,56,6,1.22,AO,1683735212
294,ndende,-2.4008,11.3581,297.82,94,99,0.58,GA,1683735213
295,ginir,7.1333,40.7,288.36,92,79,2.48,ET,1683735213
296,palmer,42.1584,-72.3287,293.47,26,40,2.06,US,1683735214
297,bonga,7.2833,36.2333,290.97,99,85,1.19,ET,1683735215
298,bogale,16.2833,95.4,302.41,69,97,3.66,MM,1683735215
299,isafjordur,66.0755,-23.124,279.17,87,40,4.12,IS,1683735216
300,port blair,11.6667,92.75,301.43,80,100,8.58,IN,1683735218
301,kerikeri,-35.2268,173.9474,284.77,94,34,0.45,NZ,1683735221
302,changji,44.0167,87.3167,294.59,21,0,2.0,CN,1683735222
303,pudasjarvi,65.3833,26.9167,286.17,59,100,4.01,FI,1683735222
304,touros,-5.1989,-35.4608,303.12,64,29,6.14,BR,1683735222
305,berdigestyakh,62.0989,126.6992,273.34,95,100,3.94,RU,1683735223
306,klyuchi,52.2667,79.1667,286.73,31,72,3.41,RU,1683735223
307,kasempa,-13.4584,25.8338,292.38,50,51,1.67,ZM,1683735223
308,lander,42.833,-108.7307,285.43,38,100,1.54,US,1683735224
309,khandud,36.9513,72.318,274.8,47,2,1.47,AF,1683735224
310,ebon,4.582,168.6964,301.45,81,90,6.22,MH,1683735224
311,nelson,-41.2833,173.2833,279.98,94,86,2.63,NZ,1683735225
312,buka,40.8108,69.1986,297.01,24,100,3.84,UZ,1683735225
313,pandua,23.0833,88.2833,303.33,61,36,6.67,IN,1683735225
314,soligalich,59.0778,42.2864,285.87,62,99,1.49,RU,1683735225
315,bel ombre,-4.6167,55.4167,301.5,76,54,7.21,SC,1683735226
316,broken hill,-31.95,141.4333,283.33,68,0,2.96,AU,1683735226
317,minas de marcona,-15.2119,-75.1103,291.86,68,64,5.88,PE,1683735226
318,marsh harbour,26.5412,-77.0636,298.27,71,0,2.9,BS,1683735227
319,mossel bay,-34.1831,22.146,293.71,49,8,2.01,ZA,1683735227
320,palu,-0.8917,119.8707,298.22,94,65,1.5,ID,1683735227
321,tazacorte,28.629,-17.9293,297.69,69,20,7.2,ES,1683735228
322,polyarnyye zori,67.3661,32.4981,274.64,100,100,1.32,RU,1683735228
323,qalat,32.1058,66.9083,298.46,12,100,3.75,AF,1683735228
324,the pas,53.8251,-101.2541,287.7,64,99,2.27,CA,1683735228
325,cooma,-36.2333,149.1333,275.88,95,0,0.34,AU,1683735229
326,caconda,-13.7333,15.0667,294.99,40,4,2.0,AO,1683735229
327,hadibu,12.65,54.0333,302.4,63,100,2.37,YE,1683735230
328,praia da vitoria,38.7333,-27.0667,293.01,84,17,5.17,PT,1683735233
329,brisas de zicatela,15.8369,-97.0419,305.44,66,0,1.54,MX,1683735233
330,zhangye,38.9342,100.4517,285.99,36,95,3.01,CN,1683735233
331,mar del plata,-38.0023,-57.5575,286.53,75,100,5.14,AR,1683735233
332,dalbandin,28.8947,64.4101,306.02,5,9,2.56,PK,1683735234
333,nemuro,43.3236,145.575,277.6,92,48,3.6,JP,1683735234
334,kindu,-2.95,25.95,294.84,100,100,1.18,CD,1683735234
335,kaa-khem,51.6833,94.7333,283.56,65,100,4.53,RU,1683735234
336,atoyac de alvarez,17.2,-100.4333,305.87,45,1,2.38,MX,1683735235
337,mount isa,-20.7333,139.5,283.02,40,0,2.57,AU,1683735235
338,illapel,-31.6308,-71.1653,302.1,15,11,2.51,CL,1683735235
339,as sulayyil,20.4607,45.5779,307.51,12,0,4.6,SA,1683735235
340,trinidad,-14.8333,-64.9,299.57,57,99,1.85,BO,1683735236
341,lichuan,30.3,108.85,283.67,98,100,0.85,CN,1683735236
342,uba,-21.12,-42.9428,297.7,78,100,1.3,BR,1683735236
343,zemio,5.0314,25.1361,301.87,54,100,1.28,CF,1683735237
344,fort st. john,56.2499,-120.8529,287.71,46,85,1.17,CA,1683735237
345,lautoka,-17.6167,177.4667,295.07,88,20,2.06,FJ,1683735237
346,galliano,29.4422,-90.2992,302.04,69,75,3.09,US,1683735237
347,boguchany,58.3814,97.4531,274.22,68,33,1.71,RU,1683735238
348,aykhal,66.0,111.5,255.44,90,14,2.9,RU,1683735238
349,gazojak,41.1875,61.4036,302.27,12,99,4.55,TM,1683735238
350,kamaishi,39.2667,141.8833,281.07,69,0,3.18,JP,1683735238
351,pionerskiy,54.9508,20.2275,291.06,62,19,5.7,RU,1683735239
352,osakarovka,50.565,72.5692,291.08,47,100,6.69,KZ,1683735239
353,salekhard,66.53,66.6019,269.04,91,97,4.43,RU,1683735241
354,pembroke,45.8168,-77.1162,292.69,33,5,3.44,CA,1683735242
355,bikenibeu village,1.3673,173.1241,301.13,83,75,5.14,KI,1683735243
356,malango,-2.9627,119.9001,293.57,98,100,0.69,ID,1683735244
357,brookings,44.3114,-96.7984,294.47,71,0,4.12,US,1683735184
358,yarmouth,41.7057,-70.2286,294.07,33,0,4.12,US,1683735246
359,mantsala,60.6609,25.2838,290.97,34,81,3.2,FI,1683735248
360,tuensang,26.2833,94.8333,292.97,57,24,1.77,IN,1683735249
361,akureyri,65.6835,-18.0878,280.05,93,100,2.03,IS,1683735250
362,khorixas,-20.3667,14.9667,304.85,14,1,0.5,NA,1683735252
363,sidney,-33.8679,151.2073,286.08,82,40,3.6,AU,1683735253
364,miranda do douro,41.4969,-6.2731,293.9,27,62,2.58,PT,1683735255
365,saint croix,17.7397,-64.7388,303.13,71,40,5.14,VI,1683734967
366,catio,11.2833,-15.25,303.55,55,100,4.74,GW,1683735257
367,domodossola,46.1165,8.2931,291.62,65,100,0.89,IT,1683735261
368,strabane,54.8237,-7.4692,289.12,65,92,5.59,GB,1683735082
369,kurmuk,10.55,34.2833,307.28,25,78,1.19,SD,1683735262
370,puerto armuelles,8.2833,-82.8667,303.86,64,81,2.2,PA,1683735016
371,correntina,-13.3433,-44.6367,306.51,30,33,2.41,BR,1683735263
372,amga,60.8953,131.9608,274.96,91,15,2.71,RU,1683735264
373,okhotsk,59.3833,143.3,273.57,90,15,3.16,RU,1683735264
374,kokstad,-30.5472,29.4241,285.51,59,0,1.5,ZA,1683735265
375,pilar,-9.5972,-35.9567,304.11,65,74,3.08,BR,1683735265
376,kristiansund,63.1115,7.732,286.18,82,0,2.57,NO,1683735266
377,betio village,1.358,172.9211,301.17,80,79,6.52,KI,1683735267
378,karratha,-20.7377,116.8463,296.47,41,82,2.51,AU,1683735268
379,tadine,-21.55,167.8833,295.47,74,97,5.71,NC,1683735270
380,dire dawa,9.5931,41.8661,297.18,67,99,2.08,ET,1683735271
381,kapit,2.0167,112.9333,297.6,91,100,0.25,MY,1683734988
382,prado,-17.3411,-39.2208,299.33,68,90,2.62,BR,1683735272
383,huarmey,-10.0681,-78.1522,297.53,76,48,4.52,PE,1683735273
384,dangriga,16.9692,-88.2321,301.61,76,99,5.34,BZ,1683735273
385,antigonish,45.6169,-61.9986,286.56,58,77,2.24,CA,1683735274
386,cooper's town,26.8667,-77.5167,297.75,69,1,1.11,BS,1683735275
387,kuqa,41.7278,82.9364,293.16,12,2,2.88,CN,1683735276
388,alekseyevskoye,55.3071,50.1135,284.64,56,100,2.9,RU,1683735276
389,adam,22.3756,57.5233,306.72,12,0,4.54,OM,1683735277
390,usogorsk,63.4106,48.6872,277.19,66,52,2.52,RU,1683735277
391,alo,7.4178,6.7371,309.61,39,52,2.92,NG,1683735277
392,kasane,-17.8167,25.15,297.28,27,16,1.35,BW,1683735277
393,rio preto da eva,-2.6994,-59.6997,301.05,88,90,1.31,BR,1683735238
394,katsuura,35.1333,140.3,289.03,72,100,4.77,JP,1683735278
395,waounde,15.2637,-12.8682,314.96,13,84,3.65,SN,1683735278
396,boli,45.7667,130.5167,281.07,61,32,2.12,CN,1683735278
397,yeroham,30.9872,34.9314,297.31,40,35,7.85,IL,1683735279
398,olonkinbyen,70.9221,-8.7187,274.04,99,100,4.6,SJ,1683735279
399,cannonvale,-20.2833,148.7,293.81,62,95,6.23,AU,1683735279
400,puerto baquerizo moreno,-0.9,-89.6,300.7,83,75,4.63,EC,1683735279
401,xinyuan,37.3,99.0,269.08,95,100,1.1,CN,1683735280
402,san patricio,28.017,-97.5169,301.99,70,76,2.71,US,1683735280
403,clarkston heights-vineland,46.3874,-117.083,287.84,78,20,2.57,US,1683735281
404,cadale,2.7603,46.3222,300.65,79,56,7.78,SO,1683735281
405,nanfeng,23.7434,111.7959,295.73,95,100,0.91,CN,1683735282
406,sungai raya,0.7,108.9,300.15,81,97,1.33,ID,1683735283
407,dhuusamarreeb,5.535,46.3861,304.87,43,100,5.79,SO,1683735284
408,timmins,48.4669,-81.3331,292.49,41,1,3.35,CA,1683735169
409,molde,62.7375,7.1591,286.06,82,75,3.09,NO,1683735153
410,yebaishou,41.3975,119.6408,288.4,36,36,1.77,CN,1683735286
411,sarmiento,-45.5882,-69.07,283.58,59,100,6.97,AR,1683735287
412,tongliao,43.6125,122.2653,285.38,23,0,3.8,CN,1683735287
413,pamandzi,-12.7967,45.2794,301.03,78,75,2.57,YT,1683735292
414,veraval,20.9,70.3667,302.96,65,18,6.11,IN,1683735293
415,moussoro,13.6408,16.4901,314.14,8,51,2.79,TD,1683735293
416,coyhaique,-45.5752,-72.0662,278.12,93,100,1.54,CL,1683735293
417,ahmadnagar,19.0833,74.7333,307.3,18,92,4.22,IN,1683735294
418,ak'ordat,15.5486,37.8867,309.22,12,16,5.21,ER,1683735295
419,tailai,46.3833,123.4,285.04,20,0,3.93,CN,1683735295
420,san andres,12.5847,-81.7006,305.16,66,20,5.66,CO,1683735296
421,coromandel,-18.4733,-47.2003,299.83,46,99,0.81,BR,1683735064
422,howrah,22.5892,88.3103,305.15,66,40,8.23,IN,1683735242
423,khabarovsk,48.4808,135.0928,278.04,65,0,2.0,RU,1683735060
424,beyla,8.6833,-8.6333,302.36,51,100,2.06,GN,1683735297
425,nelson bay,-32.7167,152.15,287.04,92,11,1.79,AU,1683735288
426,coahuayana de hidalgo,18.7,-103.6583,304.46,48,1,2.0,MX,1683735297
427,oodweyne,9.4092,45.064,301.3,45,100,6.5,SO,1683735297
428,tierp,60.3427,17.5181,290.05,31,39,5.24,SE,1683735298
429,novovolyns'k,50.7258,24.1626,284.59,62,60,5.07,UA,1683735298
430,ruayer,43.0537,-5.5502,289.59,74,45,3.78,ES,1683735298
431,doctor mora,21.1417,-100.3125,296.89,20,1,3.35,MX,1683735298
432,manokwari,-0.8667,134.0833,299.02,86,100,2.44,ID,1683735299
433,new plymouth,-39.0667,174.0833,282.9,100,99,7.73,NZ,1683735299
434,ghat,24.9647,10.1728,301.28,20,86,6.74,LY,1683735299
435,ambon,-3.6954,128.1814,299.23,15,40,1.54,ID,1683735300
436,lido di jesolo,45.5069,12.6469,286.66,93,100,7.96,IT,1683735300
437,puerto deseado,-47.7503,-65.8938,282.9,68,100,11.64,AR,1683735097
438,taitung city,22.7583,121.1444,295.12,78,83,2.49,TW,1683735300
439,novo aripuana,-5.1206,-60.3797,306.15,53,78,1.43,BR,1683735132
440,cockburn town,21.4612,-71.1419,299.97,83,35,5.52,TC,1683735301
441,zhirnovsk,50.9845,44.7735,285.19,52,98,3.27,RU,1683735303
442,katsuren-haebaru,26.3369,127.8719,294.16,64,0,4.63,JP,1683735305
443,nouadhibou,20.931,-17.0347,290.79,95,6,9.04,MR,1683735307
444,sao joao da pesqueira,41.1108,-7.4338,295.11,23,100,3.37,PT,1683735307
445,youhao,47.8667,128.8333,278.07,56,47,0.74,CN,1683735308
446,ola,59.5833,151.2833,273.65,86,46,2.19,RU,1683735309
447,happy valley-goose bay,53.3168,-60.3315,277.58,36,100,6.34,CA,1683735309
448,villa gesell,-37.2639,-56.973,287.62,64,28,8.92,AR,1683735310
449,mombetsu,44.3525,143.3525,275.82,91,52,2.51,JP,1683735310
450,fisterra,42.9049,-9.2629,293.16,68,14,7.98,ES,1683735311
451,nabire,-3.3667,135.4833,298.32,91,100,1.57,ID,1683735311
452,itabira,-19.6192,-43.2269,299.94,52,100,0.87,BR,1683735221
453,puerto leguizamo,-0.1934,-74.7819,298.28,85,97,2.19,CO,1683735313
454,champoton,19.35,-90.7167,305.93,46,29,3.45,MX,1683735313
455,alesund,62.4723,6.1549,286.66,93,75,4.12,NO,1683735314
456,safaga,26.7292,33.9365,299.44,45,8,1.08,EG,1683735314
457,kingston,17.997,-76.7936,306.06,61,76,2.68,JM,1683735053
458,alaghsas,17.0187,8.0168,313.74,5,31,4.33,NE,1683735200
459,morehead city,34.7229,-76.726,297.15,67,0,5.81,US,1683735316
460,pacific grove,36.6177,-121.9166,286.29,78,100,3.13,US,1683735317
461,codrington,-38.2667,141.9667,281.06,87,0,3.13,AU,1683735318
462,hami,42.8,93.45,293.75,17,1,4.55,CN,1683735318
463,bakhchysarai,44.75,33.8667,285.95,60,45,2.83,UA,1683735319
464,tamanrasset,22.785,5.5228,303.86,10,87,5.16,DZ,1683735319
465,acarau,-2.8856,-40.12,302.96,68,40,3.46,BR,1683735320
466,island harbour,50.724,-1.2758,290.46,78,79,2.24,GB,1683735322
467,olyokminsk,60.3736,120.4264,274.57,91,100,3.16,RU,1683735323
468,souillac,-20.5167,57.5167,298.0,79,13,6.17,MU,1683735323
469,barra do corda,-5.5,-45.25,305.07,51,84,1.67,BR,1683735324
470,arno,60.1167,18.6333,281.36,44,94,5.8,SE,1683735324
471,pangody,65.85,74.4859,270.6,90,96,3.78,RU,1683735325
472,sabha,27.0377,14.4283,300.7,22,0,10.39,LY,1683735325
473,birao,10.2849,22.7882,312.29,17,59,0.59,CF,1683735325
474,eisenstadt,47.8457,16.5233,291.56,70,100,5.96,AT,1683735206
475,calvinia,-31.4707,19.776,296.22,16,26,4.6,ZA,1683735327
476,concepcion,-36.827,-73.0498,285.04,87,0,7.72,CL,1683735203
477,reggane,26.7158,0.1714,310.41,10,0,3.39,DZ,1683735328
478,suntar,62.1444,117.6319,272.08,85,32,2.25,RU,1683735328
479,valozhyn,54.0909,26.5225,286.22,50,52,2.08,BY,1683735329
480,portland,45.5234,-122.6762,288.76,76,20,1.34,US,1683735140
481,novouzensk,50.4592,48.1431,287.43,50,64,1.41,RU,1683735329
482,ulladulla,-35.35,150.4667,286.23,76,71,2.27,AU,1683735266
483,berea,41.3662,-81.8543,294.73,38,20,1.54,US,1683735330
484,batouri,4.4333,14.3667,302.22,61,91,1.92,CM,1683735331
485,mao,39.8885,4.2658,291.46,63,75,5.66,ES,1683735332
486,isangel,-19.55,169.2667,297.34,75,73,5.42,VU,1683735332
487,hemsby,52.6971,1.6918,289.47,89,67,3.49,GB,1683735333
488,dingras,18.1032,120.6967,298.61,83,18,2.54,PH,1683735334
489,ancud,-41.8697,-73.8203,284.89,94,100,2.28,CL,1683735335
490,el nido,11.1858,119.3956,301.17,78,92,0.98,PH,1683735335
491,kotri,25.366,68.3122,306.97,23,0,5.74,PK,1683735336
492,juneau,58.3019,-134.4197,283.76,85,75,0.0,US,1683735336
493,quepos,9.4236,-84.1652,304.34,59,28,2.58,CR,1683735336
494,mahina,-17.5065,-149.489,298.02,88,40,2.06,PF,1683735337
495,tobruk,32.0836,23.9764,293.06,74,100,9.35,LY,1683735338
496,delta del tigre,-34.7633,-56.3853,289.76,82,75,6.69,UY,1683735338
497,toliara,-23.35,43.6667,297.55,80,40,1.92,MG,1683735339
498,kavieng,-2.5744,150.7967,301.19,77,100,1.91,PG,1683735339
499,margate,51.3813,1.3862,289.65,65,44,3.58,GB,1683735340
500,port douglas,-16.4833,145.4667,294.81,80,73,3.7,AU,1683735340
501,dawson creek,55.7666,-120.2362,285.95,54,0,2.06,CA,1683735183
502,fort bragg,35.139,-79.006,297.23,38,0,4.12,US,1683735341
503,arteche,12.2645,125.4048,299.48,88,97,1.38,PH,1683735341
504,realeza,-25.7689,-53.5325,295.81,37,36,1.93,BR,1683735129
505,mashhad,36.297,59.6062,299.23,38,0,3.09,IR,1683735341
506,champerico,14.3,-91.9167,304.45,64,25,3.38,GT,1683735347
507,sault ste. marie,46.5168,-84.3333,292.46,39,100,1.54,CA,1683735186
508,kirakira,-10.4544,161.9205,299.96,86,37,4.26,SB,1683735347
509,choyr,46.3611,108.3611,283.26,38,70,3.27,MN,1683735348
510,saint-francois,46.4154,3.9054,289.64,60,0,3.6,FR,1683735348
511,qarazhal,48.0078,70.7903,294.49,17,77,2.29,KZ,1683735348
512,tome acu,-2.4189,-48.1522,304.94,61,79,1.39,BR,1683735348
513,barcelos,41.5388,-8.6151,294.77,51,98,7.89,PT,1683735349
514,dolores,-36.3132,-57.6792,290.07,51,1,5.68,AR,1683735349
515,nagqu,31.5,92.0,273.37,62,100,0.88,CN,1683735349
516,salym,60.0625,71.4789,280.86,65,93,2.05,RU,1683735349
517,fortuna,40.5982,-124.1573,285.18,80,100,0.0,US,1683735350
518,takoradi,4.8845,-1.7554,303.69,68,86,6.29,GH,1683735350
519,tshabong,-26.05,22.45,293.95,24,0,1.08,BW,1683735350
520,delhi,28.6667,77.2167,304.2,19,0,1.03,IN,1683735110
521,lucapa,-8.4192,20.7447,298.44,51,9,1.17,AO,1683735351
522,hotan,37.0997,79.9269,291.07,9,0,3.87,CN,1683735351
523,khanbari,27.3747,87.2039,294.2,28,12,1.84,NP,1683735351
524,al jawf,29.5,38.75,303.51,11,17,3.9,SA,1683735352
525,kuanda,56.3161,116.0806,284.25,64,100,0.61,RU,1683735352
526,bareilly,28.35,79.4167,303.58,13,0,3.17,IN,1683735352
527,victoria de durango,24.0333,-104.6667,297.08,15,0,5.36,MX,1683735352
528,yilan,24.757,121.753,297.6,99,12,1.46,TW,1683735353
529,castillos,-34.1667,-53.8333,292.75,47,0,5.55,UY,1683735353
530,deir ez-zor,35.3359,40.1408,303.51,17,55,0.72,SY,1683735353
531,tosontsengel,48.7567,98.2839,278.49,65,25,2.35,MN,1683735353
532,buala,-8.145,159.5921,300.43,83,67,3.87,SB,1683735354
533,selfoss,63.9331,-20.9971,284.29,70,83,3.6,IS,1683735354
534,colon,9.3592,-79.9014,303.4,68,67,2.81,PA,1683735354
535,muang phonsavan,19.45,103.2167,291.49,97,93,1.0,LA,1683735354
536,saint-joseph,-21.3667,55.6167,298.36,77,28,4.73,RE,1683735355
537,barakani,-12.1356,44.4317,300.09,76,37,3.64,KM,1683735355
538,taoudenni,22.6783,-3.9836,312.59,7,100,6.63,ML,1683735355
539,bastia,42.6667,9.3333,294.04,67,0,6.69,FR,1683735355
540,st. john's,47.5649,-52.7093,282.75,51,5,2.68,CA,1683735356
541,alupka,44.4167,34.05,287.29,64,59,0.62,UA,1683735356
542,pavlogradka,54.2024,73.5592,287.58,20,100,4.21,RU,1683735356
543,wenchang,30.904,118.4887,287.3,85,100,1.19,CN,1683735357
544,howard springs,-12.497,131.047,296.1,62,99,2.86,AU,1683735357
545,kone,-21.0595,164.8658,293.04,78,94,2.24,NC,1683735357
546,rome,34.257,-85.1647,300.54,63,0,1.54,US,1683735003
547,remire-montjoly,4.9167,-52.2667,297.17,100,75,1.03,GF,1683735358
548,benguela,-12.5763,13.4055,302.09,71,43,3.76,AO,1683735358
549,kuta,-8.7233,115.1723,301.12,88,40,6.71,ID,1683735358
550,lehliu-gara,44.4333,26.85,289.61,60,61,3.06,RO,1683735358
551,naracoorte,-36.9579,140.7383,281.99,83,0,2.96,AU,1683735359
552,nieuw amsterdam,5.8833,-55.0833,300.94,89,40,2.57,SR,1683735359
553,port-vila,-17.7338,168.3219,298.3,80,30,7.23,VU,1683735359
554,novoorsk,51.381,58.9813,280.51,83,1,8.54,RU,1683735359
555,kolosovka,56.4678,73.611,282.03,39,100,2.56,RU,1683735360
556,kapa'a,22.0752,-159.319,296.33,83,100,5.66,US,1683735360
557,yeosu,34.7546,127.6599,287.97,72,94,1.01,KR,1683735361
558,burgkirchen an der alz,48.1667,12.7333,286.89,76,100,3.39,DE,1683735362
559,sierra vista,31.5545,-110.3037,293.05,20,0,10.8,US,1683735090
560,tizimin,21.15,-88.15,307.19,39,97,4.33,MX,1683735363
561,arkalyk,50.2486,66.9114,293.73,30,98,2.32,KZ,1683735365
562,nizwa,22.9333,57.5333,305.45,15,0,1.08,OM,1683735365
563,hancheng,32.5186,112.3522,287.1,88,100,2.18,CN,1683735366
564,revelstoke,50.9832,-118.2023,287.37,78,89,0.59,CA,1683735094
565,hasaki,35.7333,140.8333,288.83,68,100,6.61,JP,1683735368
566,puerto aysen,-45.4,-72.7,281.17,93,100,3.09,CL,1683735368
567,nurota,40.5614,65.6886,299.3,19,92,3.51,UZ,1683735370
568,mount pearl,47.5166,-52.7813,282.34,44,75,11.83,CA,1683735370
569,kudahuvadhoo,2.6708,72.8944,301.44,78,100,6.51,MV,1683735371
570,suva,-18.1416,178.4415,293.86,94,20,2.06,FJ,1683735187
571,belmonte,-15.8631,-38.8828,300.88,62,79,4.68,BR,1683735373
572,maicanesti,45.5,27.5,288.03,53,89,0.65,RO,1683735373
